id,identificacion
1,102770454
2,100800982
3,109020915
4,106250583
5,107810029
6,100430403
7,108420793
8,101250871
9,104890822
10,100220020
11,103570817
12,107180701
13,103190932
14,104780141
15,104600976
16,106280613
17,100950857
18,109030820
19,105950485
20,104870476
21,101130558
22,103840438
23,106490683
24,105290072
25,100740522
26,106190265
27,106130427
28,107560291
29,105040611
30,101050286
31,103030197
32,102830751
33,109340146
34,104700338
35,101410129
36,106620892
37,106690904
38,105120215
39,100480051
40,107430235
41,109070019
42,107080602
43,105630146
44,109710909
45,108870637
46,102280184
47,107740646
48,101680703
49,105800932
50,104180938
